contaminante,zona,estacion_fisica,pct,ci_lo_pct,ci_hi_pct,p,n,G_semanas
CO,CENTRO,CENTRO,1.13,-2.09,4.45,0.4971,1011,157
CO,NORESTE3,NORESTE,5.63,2.2,9.17,0.0011,1031,155
CO,NORESTE3,NORESTE 3,0.15,-4.61,5.15,0.9517,988,147
CO,NORESTE3,NORESTE2,8.34,-0.54,18.0,0.0663,910,141
CO,NOROESTE3,NOROESTE,1.5,-3.74,7.02,0.582,930,143
CO,NOROESTE3,NOROESTE 2,4.65,-1.4,11.08,0.1349,1070,158
CO,NOROESTE3,NOROESTE 3,5.97,-1.16,13.61,0.1029,889,136
CO,NORTE2,NORTE,9.46,1.19,18.4,0.0241,1065,157
CO,NORTE2,NORTE 2,5.56,1.14,10.18,0.0132,1076,158
CO,SUR,SUR,5.33,-1.21,12.31,0.1123,1021,155
CO,SUR,SURESTE,1.16,-2.01,4.44,0.4759,949,143
CO,SUR,SURESTE 3,2.36,-1.7,6.59,0.2588,995,147
CO,SUR,SURESTE2,5.5,-1.42,12.91,0.122,932,143
CO,SUROESTE2,SUROESTE,10.76,3.7,18.3,0.0024,1069,158
CO,SUROESTE2,SUROESTE2,2.83,-4.82,11.09,0.4799,1041,158
NO2,CENTRO,CENTRO,6.04,-2.55,15.39,0.1738,1063,158
NO2,NORESTE3,NORESTE,-0.34,-9.64,9.93,0.9462,1037,154
NO2,NORESTE3,NORESTE 3,-1.46,-9.29,7.05,0.7286,998,152
NO2,NORESTE3,NORESTE2,-2.3,-12.55,9.14,0.68,925,140
NO2,NOROESTE3,NOROESTE,-0.97,-12.33,11.85,0.8749,960,153
NO2,NOROESTE3,NOROESTE 2,-2.05,-12.03,9.06,0.7054,975,144
NO2,NOROESTE3,NOROESTE 3,4.35,-10.22,21.29,0.5788,779,116
NO2,NORTE2,NORTE,-1.65,-13.54,11.89,0.8007,1075,158
NO2,NORTE2,NORTE 2,-1.04,-7.81,6.24,0.7737,1088,158
NO2,SUR,SUR,7.84,-3.19,20.12,0.1705,1048,157
NO2,SUR,SURESTE,4.8,-3.31,13.59,0.2541,1078,158
NO2,SUR,SURESTE 3,-1.44,-13.17,11.88,0.8229,1079,158
NO2,SUR,SURESTE2,6.93,-3.26,18.2,0.19,1066,158
NO2,SUROESTE2,SUROESTE,0.04,-11.08,12.56,0.9941,1051,156
NO2,SUROESTE2,SUROESTE2,-1.4,-9.1,6.96,0.7345,1091,158
