contaminante,estrato,pct,ci_lo_pct,ci_hi_pct,p,n,n_clase,n_vac,G_semanas
CO,global,7.16,-4.56,20.33,0.2419,6576,5304,1272,158
CO,invierno,10.35,-2.27,24.61,0.1119,1626,1278,348,43
CO,primavera,-0.01,-30.18,43.18,0.9995,1656,1440,216,42
CO,verano,9.9,-0.37,21.23,0.0592,1656,948,708,42
NO2,global,9.82,0.03,20.57,0.0492,6576,5304,1272,158
NO2,invierno,15.0,1.57,30.21,0.0274,1626,1278,348,43
NO2,primavera,2.81,-13.74,22.53,0.7571,1656,1440,216,42
NO2,verano,10.66,-7.71,32.68,0.2743,1656,948,708,42
O3,global,-7.71,-19.62,5.96,0.255,6576,5304,1272,158
O3,invierno,-15.45,-34.05,8.4,0.1856,1626,1278,348,43
O3,primavera,-14.8,-34.27,10.44,0.2264,1656,1440,216,42
O3,verano,8.83,-8.4,29.3,0.3361,1656,948,708,42
PM10,global,5.78,-7.16,20.53,0.3987,6576,5304,1272,158
PM10,invierno,-1.08,-23.02,27.1,0.9322,1626,1278,348,43
PM10,primavera,15.38,-5.53,40.92,0.1608,1656,1440,216,42
PM10,verano,8.15,-10.05,30.04,0.4045,1656,948,708,42
PM2.5,global,1.29,-8.84,12.56,0.8112,6576,5304,1272,158
PM2.5,invierno,-1.21,-19.82,21.73,0.9093,1626,1278,348,43
PM2.5,primavera,11.28,-5.29,30.76,0.1938,1656,1440,216,42
PM2.5,verano,-1.2,-13.06,12.28,0.8533,1656,948,708,42
