contaminante,estrato,pct,ci_lo_pct,ci_hi_pct,p,n
CO,global,4.56,1.49,7.71,0.0033,6576
CO,invierno,2.48,-1.69,6.83,0.2484,1626
CO,primavera,7.2,1.62,13.09,0.0108,1656
CO,verano,5.18,-1.26,12.05,0.1172,1656
NO2,global,1.02,-6.15,8.74,0.7867,6576
NO2,invierno,-1.61,-8.1,5.33,0.6403,1626
NO2,primavera,-1.04,-14.61,14.68,0.889,1656
NO2,verano,6.55,-9.54,25.49,0.4476,1656
O3,global,-2.61,-12.67,8.61,0.6347,6576
O3,invierno,0.1,-19.12,23.88,0.9929,1626
O3,primavera,-11.07,-27.51,9.11,0.2609,1656
O3,verano,1.53,-10.54,15.22,0.814,1656
PM10,global,-0.54,-5.68,4.89,0.8427,6576
PM10,invierno,-3.28,-8.58,2.32,0.2451,1626
PM10,primavera,0.43,-12.36,15.08,0.9513,1656
PM10,verano,2.6,-6.68,12.8,0.5957,1656
PM2.5,global,0.52,-4.45,5.75,0.8407,6576
PM2.5,invierno,-3.37,-9.32,2.98,0.2914,1626
PM2.5,primavera,2.48,-8.34,14.58,0.6672,1656
PM2.5,verano,3.91,-5.46,14.2,0.4267,1656
