mes,clase,CO,NO2,O3,PM10,PM2.5,n_dias
1,0,1.4720515873015874,20.4484126984127,11.247751322751323,62.13501322751323,25.050152116402117,21
1,1,1.8496506558641974,24.706541280864197,10.136050485008818,75.80842803030303,25.102700810185183,72
2,1,1.8984395424836602,24.140214052287583,9.901349206349206,76.61265767973856,25.40417670401494,85
3,0,2.2257599206349203,20.560019841269842,18.671825396825398,66.28869047619048,17.505049603174605,7
3,1,1.6379649272596029,20.895235315140457,12.767224803110667,69.85280880134077,24.210865881534485,86
4,0,1.5650670498084291,18.780268199233717,14.294827586206898,54.88746168582375,21.31843206601827,29
4,1,1.6986985428051,18.560245901639345,14.541712204007286,60.811047358834244,21.40866965912048,61
5,1,1.340050925925926,16.157160991636797,16.042159498207884,57.92277628434887,25.562263245292144,93
6,1,0.9730077795933187,12.781973631239936,13.657361111111111,45.36700308641976,18.453635827558525,90
7,0,0.7645361111111111,11.772916666666667,9.98654761904762,44.92381746031746,16.314230158730158,35
7,1,0.7953483237547891,11.45326867816092,11.06360153256705,45.749868295019155,15.724980695872823,58
8,0,0.8151792168674699,12.978840361445782,10.887072289156626,45.65791843564735,14.546689705792868,83
8,1,1.0449027777777777,20.489930555555553,10.625694444444443,59.21458333333333,14.940729166666667,10
9,1,0.8765300925925926,16.314876543209877,12.197571913580248,42.57008726851852,13.485250862794613,90
10,1,1.0620312126642772,18.84392174432497,11.415613799283154,51.325002986857825,17.131683094384705,93
11,1,1.361627094356261,20.725671296296294,10.532213668430336,55.95896365740741,20.759339404372863,90
12,0,1.5732695195195194,19.380837087087087,9.977583547833548,61.975452139639636,22.610064939939942,37
12,1,1.6096373217797442,21.051376488095237,8.487435214710885,58.01182626488095,23.408247113997113,56
