hora,clase,CO,NO2,O3,PM10,PM2.5
0,0,1.1667779569892474,12.988570788530465,20.55742297582943,54.17321494786575,18.009768894593627
0,1,1.2570179428664685,16.374049646532015,19.552172174310112,54.99997844765062,17.709917204284324
1,0,1.1288702508960573,12.43700204813108,19.569122415219187,50.42757300423591,16.78262390807104
1,1,1.2118177413816853,15.41635308651685,18.89992699970646,53.28155406288508,17.496464240173687
2,0,1.0948336917562724,12.07618509984639,18.487022661060564,49.077672458455524,16.607920958517052
2,1,1.1739127015562965,14.760707926899801,18.20220011841011,51.44895906968956,17.358683531927735
3,0,1.0664759856630825,12.084140552995391,17.2928619750023,47.59782737862496,16.53017115762939
3,1,1.1483889514501697,14.47054794116761,17.302251280637826,49.48380933876893,17.43663516536398
4,0,1.0450172043010753,12.150456221198157,16.12479510614833,47.10834968230694,16.205420648041827
4,1,1.1263646444213125,14.463686891106963,16.35117612467294,48.46884718486788,17.78033033481504
5,0,1.0390826164874551,12.624433179723502,14.747355208620531,46.21366872759857,16.30737900252926
5,1,1.1223517050499219,14.987020020097981,14.995378059031921,48.505043227180565,18.13386612243861
6,0,1.0598826164874553,14.29668970814132,12.46175152329749,46.661160752688176,16.57068200679249
6,1,1.166730342220589,16.818422856167462,12.703507542631348,50.39894141717271,18.975227961518577
7,0,1.149234946236559,16.055089605734768,10.66116505376344,49.89232697132616,17.743923178434468
7,1,1.3020974435363684,18.995844195570836,10.703689603520479,56.24559330891596,20.36534408126961
8,0,1.23172311827957,16.7,11.79584211469534,56.68795359703021,18.68124340990551
8,1,1.481683321107583,20.158384228074976,11.479441499666944,64.62474931347404,22.01973489205058
9,0,1.2697659498207885,16.8613835125448,16.204694623655914,62.79963954173068,20.383985174323886
9,1,1.4791191506553423,20.36571810038957,15.79488408684566,74.93138152114605,23.171835600009366
10,0,1.2500044802867383,17.14174551971326,22.597563261648745,66.78474260112647,22.24903136200717
10,1,1.3923213348577257,19.860812352510724,22.43858783315894,77.07578755586239,24.348454500936537
11,0,1.2159862356281712,16.850061839594098,30.905107974910393,66.60896877880184,23.088906810035844
11,1,1.3322039781383372,18.971129913700732,30.59335699879282,74.76328921039152,24.897111001190947
12,0,1.1722476376669926,15.583160545547642,40.38701785714286,65.24068214285714,22.899377956989248
12,1,1.2778818457123815,17.512882597697274,39.368574545530734,72.85413034822132,24.951108284883045
13,0,1.1242948819997207,13.453705488060326,48.4766519329237,62.25676002304147,22.01887419354839
13,1,1.2489081815283842,16.055319905530894,46.985613686627424,70.02759781471624,24.481656086874825
14,0,1.0951484528354585,11.944062258530002,51.58336486175115,59.129659408602144,20.82980969564425
14,1,1.2162657993839578,14.789930545024095,51.43822583030027,66.9507416880934,23.59007317729676
15,0,1.0707875075421636,10.97577386770935,50.88183307731695,55.962531003584225,19.785685481546363
15,1,1.1907936875238663,13.738543676387083,52.305546251011016,63.53947559133188,22.405883465141137
16,0,1.053851423767279,10.577265046781175,48.12343749359959,53.55353709677419,18.41507185611259
16,1,1.1747420708801863,13.258667982096748,50.38581958661915,61.08103086311247,21.119638242590867
17,0,1.0543998626382072,10.879796466973888,43.93962515360983,51.07873333333333,17.008438144059944
17,1,1.1741410267164138,13.501264629715575,46.2516905095814,58.046370742040786,19.55869925839942
18,0,1.077049586245904,12.208951612903226,38.40581245519713,49.82630098566308,16.13270523339644
18,1,1.1986351549448457,14.897907433128637,39.97282562195083,55.99531097846879,18.527288246592835
19,0,1.1255897348408,14.416639784946238,32.23408602150538,50.00966577060932,15.40469427613795
19,1,1.2602105323065425,17.392688063859463,32.474746252720834,55.86197449869013,17.57454408274048
20,0,1.1729112251547735,15.912921146953405,26.997879480286738,50.90601756272402,15.573401480831281
20,1,1.3041163146957913,19.019919903148185,26.579092097166047,57.03170954845236,17.28136477133445
21,0,1.197391642228739,15.950017921146953,23.992801254480284,54.775216039426525,16.360663326363998
21,1,1.318470710925151,19.354650224064173,23.235631031231303,57.92986697312382,17.750630530679086
22,0,1.2044775985663083,15.239498207885305,22.25592043010753,57.82049543010752,16.978199551971326
22,1,1.3193132413897648,18.997097196797693,21.236299419698902,59.31103726934518,18.346264502416005
23,0,1.1853410394265234,14.175295698924732,21.29403270609319,56.81751603942652,17.09020126870342
23,1,1.3052387422409504,18.111712579298988,19.93217418902918,59.78991768700654,18.52517033397778
