hora,contaminante,pct,ci_lo_pct,ci_hi_pct,p
0,CO,-0.8,-13.37,13.58,0.9071
0,NO2,10.24,-3.86,26.41,0.1628
0,O3,-12.65,-24.66,1.28,0.0731
0,PM10,-6.34,-18.96,8.25,0.3752
0,PM2.5,-4.71,-18.37,11.23,0.541
1,CO,-0.7,-13.16,13.54,0.9177
1,NO2,9.48,-5.65,27.04,0.2328
1,O3,-9.83,-22.94,5.51,0.1969
1,PM10,-4.25,-17.73,11.44,0.5749
1,PM2.5,-2.94,-17.55,14.25,0.7197
2,CO,-0.38,-12.94,13.99,0.9562
2,NO2,8.5,-7.11,26.72,0.3034
2,O3,-9.05,-22.54,6.78,0.2464
2,PM10,-3.53,-17.94,13.41,0.6632
2,PM2.5,-1.87,-17.39,16.56,0.8296
3,CO,0.21,-12.5,14.77,0.9755
3,NO2,8.7,-6.95,26.99,0.293
3,O3,-8.49,-22.32,7.8,0.2885
3,PM10,-3.81,-18.11,13.0,0.6368
3,PM2.5,-1.64,-17.03,16.6,0.849
4,CO,0.38,-12.35,14.97,0.9559
4,NO2,9.38,-5.55,26.67,0.2311
4,O3,-7.56,-21.14,8.36,0.3322
4,PM10,-2.94,-17.7,14.45,0.7225
4,PM2.5,0.27,-14.6,17.73,0.9736
5,CO,1.21,-11.54,15.79,0.8614
5,NO2,10.52,-3.64,26.76,0.1526
5,O3,-8.56,-21.79,6.91,0.2618
5,PM10,-1.24,-15.94,16.04,0.8798
5,PM2.5,0.9,-12.99,17.01,0.9056
6,CO,3.67,-8.77,17.81,0.5805
6,NO2,10.82,-1.77,25.02,0.0949
6,O3,-9.46,-22.56,5.86,0.2128
6,PM10,0.31,-13.84,16.78,0.9685
6,PM2.5,2.2,-10.83,17.12,0.7549
7,CO,6.76,-5.53,20.64,0.2946
7,NO2,11.65,-0.17,24.87,0.0537
7,O3,-10.96,-23.38,3.48,0.13
7,PM10,2.82,-11.52,19.49,0.7166
7,PM2.5,2.57,-9.87,16.72,0.7005
8,CO,10.52,-1.57,24.11,0.0907
8,NO2,10.95,-0.35,23.52,0.0579
8,O3,-8.94,-21.84,6.1,0.2297
8,PM10,3.84,-10.6,20.63,0.6217
8,PM2.5,4.85,-7.69,19.09,0.4663
9,CO,7.41,-4.14,20.36,0.218
9,NO2,10.53,0.38,21.71,0.0417
9,O3,-6.87,-20.94,9.7,0.3944
9,PM10,6.64,-8.72,24.59,0.4176
9,PM2.5,3.08,-8.64,16.3,0.6226
10,CO,4.02,-7.29,16.71,0.5021
10,NO2,10.02,0.01,21.04,0.0497
10,O3,-6.33,-19.94,9.6,0.4147
10,PM10,5.39,-9.21,22.34,0.4898
10,PM2.5,1.17,-10.19,13.96,0.8481
11,CO,2.16,-8.94,14.6,0.7161
11,NO2,8.72,-1.35,19.82,0.0918
11,O3,-6.43,-19.26,8.44,0.377
11,PM10,4.45,-9.02,19.92,0.5362
11,PM2.5,2.18,-9.45,15.31,0.7261
12,CO,2.02,-9.35,14.81,0.7404
12,NO2,8.57,-1.51,19.69,0.098
12,O3,-7.5,-19.36,6.09,0.265
12,PM10,4.73,-8.09,19.33,0.4879
12,PM2.5,4.72,-7.3,18.3,0.4583
13,CO,2.54,-9.25,15.86,0.6872
13,NO2,12.16,1.36,24.1,0.0263
13,O3,-9.13,-20.31,3.62,0.1529
13,PM10,5.67,-6.56,19.5,0.3797
13,PM2.5,5.53,-7.0,19.76,0.4038
14,CO,2.41,-9.62,16.03,0.7092
14,NO2,14.95,3.95,27.11,0.0066
14,O3,-10.59,-21.35,1.63,0.0869
14,PM10,6.62,-6.04,20.97,0.3202
14,PM2.5,5.62,-7.1,20.07,0.4037
15,CO,2.51,-9.89,16.62,0.706
15,NO2,15.24,3.78,27.96,0.008
15,O3,-11.42,-21.82,0.37,0.0571
15,PM10,6.23,-5.97,20.01,0.3316
15,PM2.5,5.89,-7.41,21.09,0.4033
16,CO,2.4,-10.24,16.81,0.7241
16,NO2,15.41,4.21,27.81,0.0059
16,O3,-11.33,-22.15,0.99,0.0701
16,PM10,6.39,-5.53,19.81,0.3069
16,PM2.5,6.62,-6.71,21.85,0.347
17,CO,2.73,-10.13,17.43,0.6927
17,NO2,15.55,4.15,28.2,0.0064
17,O3,-11.63,-22.87,1.25,0.0749
17,PM10,6.53,-4.64,19.01,0.2628
17,PM2.5,4.14,-7.69,17.49,0.5099
18,CO,2.67,-10.22,17.42,0.7001
18,NO2,15.15,4.01,27.48,0.0066
18,O3,-12.8,-24.17,0.28,0.0547
18,PM10,6.05,-4.74,18.06,0.2831
18,PM2.5,3.57,-8.15,16.78,0.5673
19,CO,2.89,-9.7,17.24,0.6688
19,NO2,12.63,1.64,24.81,0.0231
19,O3,-12.62,-23.58,-0.07,0.0487
19,PM10,5.75,-5.49,18.32,0.3292
19,PM2.5,4.77,-7.48,18.65,0.4627
20,CO,2.33,-9.67,15.93,0.7175
20,NO2,11.88,0.62,24.41,0.0381
20,O3,-11.3,-22.47,1.49,0.081
20,PM10,5.06,-7.18,18.9,0.435
20,PM2.5,1.42,-10.84,15.38,0.8297
21,CO,1.35,-10.51,14.79,0.8322
21,NO2,13.25,0.8,27.23,0.0363
21,O3,-12.06,-23.72,1.38,0.0766
21,PM10,1.82,-10.66,16.04,0.7869
21,PM2.5,0.17,-12.04,14.08,0.9797
22,CO,0.36,-11.57,13.91,0.9552
22,NO2,13.06,-1.04,29.17,0.0709
22,O3,-12.72,-24.84,1.36,0.0745
22,PM10,0.54,-12.69,15.77,0.9406
22,PM2.5,1.68,-11.23,16.46,0.8103
23,CO,0.11,-12.11,14.03,0.9868
23,NO2,13.56,-1.42,30.83,0.0781
23,O3,-13.13,-25.69,1.55,0.0772
23,PM10,1.1,-12.93,17.4,0.8856
23,PM2.5,1.14,-12.36,16.7,0.8772
