contaminante,ventana,espacio_promedio_pct,area_unidades_h,horas
CO,madrugada_0_5,7.6,0.5,6
CO,pico_7_9,16.8,0.4,2
CO,control_10_12,10.5,0.26,2
CO,tarde_13_18,11.2,0.73,6
CO,noche_19_23,10.6,0.62,5
NO2,madrugada_0_5,21.6,16.11,6
NO2,pico_7_9,19.5,6.4,2
NO2,control_10_12,14.2,4.84,2
NO2,tarde_13_18,23.3,16.2,6
NO2,noche_19_23,22.8,17.18,5
O3,madrugada_0_5,-1.1,-1.48,6
O3,pico_7_9,-1.1,-0.27,2
O3,control_10_12,-0.9,-0.47,2
O3,tarde_13_18,2.2,5.93,6
O3,noche_19_23,-3.0,-3.32,5
PM10,madrugada_0_5,4.0,11.59,6
PM10,pico_7_9,13.4,14.29,2
PM10,control_10_12,13.8,18.45,2
PM10,tarde_13_18,13.2,43.83,6
PM10,noche_19_23,7.5,19.6,5
PM2.5,madrugada_0_5,5.6,5.47,6
PM2.5,pico_7_9,16.3,5.96,2
PM2.5,control_10_12,8.6,3.91,2
PM2.5,tarde_13_18,13.7,15.49,6
PM2.5,noche_19_23,10.0,8.07,5
