hora,CO,NO2,O3,PM10,PM2.5
0,7.7,26.1,-4.9,1.5,-1.7
1,7.3,24.0,-3.4,5.7,4.3
2,7.2,22.2,-1.5,4.8,4.5
3,7.7,19.7,0.1,4.0,5.5
4,7.8,19.0,1.4,2.9,9.7
5,8.0,18.7,1.7,5.0,11.2
6,10.1,17.6,1.9,8.0,14.5
7,13.3,18.3,0.4,12.7,14.8
8,20.3,20.7,-2.7,14.0,17.9
9,16.5,20.8,-2.5,19.3,13.7
10,11.4,15.9,-0.7,15.4,9.4
11,9.6,12.6,-1.0,12.2,7.8
12,9.0,12.4,-2.5,11.7,9.0
13,11.1,19.3,-3.1,12.5,11.2
14,11.1,23.8,-0.3,13.2,13.3
15,11.2,25.2,2.8,13.5,13.2
16,11.5,25.4,4.7,14.1,14.7
17,11.4,24.1,5.3,13.6,15.0
18,11.3,22.0,4.1,12.4,14.8
19,12.0,20.6,0.7,11.7,14.1
20,11.2,19.5,-1.6,12.0,11.0
21,10.1,21.3,-3.2,5.8,8.5
22,9.5,24.7,-4.6,2.6,8.1
23,10.1,27.8,-6.4,5.2,8.4
