estacion,contaminante,pct,ci_lo_pct,ci_hi_pct,p,n
CENTRO,CO,1.87,-0.87,4.69,0.1836,1096
CENTRO,NO2,6.6,-1.87,15.8,0.1305,1096
NORESTE3,CO,4.61,1.38,7.95,0.0049,1096
NORESTE3,NO2,-1.35,-9.13,7.1,0.7463,1096
NOROESTE3,CO,3.38,-1.39,8.38,0.168,1096
NOROESTE3,NO2,-1.7,-10.24,7.64,0.7109,1096
NORTE2,CO,6.67,1.59,12.01,0.0095,1096
NORTE2,NO2,-1.68,-9.62,6.95,0.6932,1096
SUR,CO,2.91,-0.26,6.18,0.0727,1096
SUR,NO2,4.69,-3.53,13.6,0.2719,1096
SUROESTE2,CO,8.03,2.25,14.13,0.0059,1096
SUROESTE2,NO2,-0.1,-8.63,9.22,0.982,1096
