anio,mes,clase,n_dias
2023,1,0,8
2023,1,1,23
2023,2,1,28
2023,3,1,31
2023,4,0,12
2023,4,1,18
2023,5,1,31
2023,6,1,30
2023,7,0,5
2023,7,1,26
2023,8,0,27
2023,8,1,4
2023,9,1,30
2023,10,1,31
2023,11,1,30
2023,12,0,14
2023,12,1,17
2024,1,0,5
2024,1,1,26
2024,2,1,29
2024,3,0,7
2024,3,1,24
2024,4,0,5
2024,4,1,25
2024,5,1,31
2024,6,1,30
2024,7,0,15
2024,7,1,16
2024,8,0,25
2024,8,1,6
2024,9,1,30
2024,10,1,31
2024,11,1,30
2024,12,0,13
2024,12,1,18
2025,1,0,8
2025,1,1,23
2025,2,1,28
2025,3,1,31
2025,4,0,12
2025,4,1,18
2025,5,1,31
2025,6,1,30
2025,7,0,15
2025,7,1,16
2025,8,0,31
2025,9,1,30
2025,10,1,31
2025,11,1,30
2025,12,0,10
2025,12,1,21
