zona,estacion_fisica,filas,desde,hasta
CENTRO,CENTRO,123007,2023-01-01,2025-12-31
NORESTE3,NORESTE,123828,2023-01-01,2025-12-31
NORESTE3,NORESTE 3,99063,2023-01-01,2025-12-31
NORESTE3,NORESTE2,107096,2023-01-01,2025-12-31
NOROESTE3,NOROESTE,100719,2023-01-01,2025-12-31
NOROESTE3,NOROESTE 2,121082,2023-01-01,2025-12-31
NOROESTE3,NOROESTE 3,88116,2023-01-01,2025-12-31
NORTE2,NORTE,124771,2023-01-01,2025-12-31
NORTE2,NORTE 2,126179,2023-01-01,2025-12-31
SUR,SUR,122107,2023-01-01,2025-12-31
SUR,SURESTE,120965,2023-01-01,2025-12-31
SUR,SURESTE 3,123982,2023-01-01,2025-12-31
SUR,SURESTE2,122467,2023-01-01,2025-12-31
SUROESTE2,SUROESTE,123431,2023-01-01,2025-12-31
SUROESTE2,SUROESTE2,124937,2023-01-01,2025-12-31
