estacion,contaminante,serie,rezago,acf
CENTRO,CO,nivel,1,0.6881
CENTRO,CO,nivel,2,0.537
CENTRO,CO,nivel,3,0.5371
CENTRO,CO,nivel,4,0.5208
CENTRO,CO,nivel,5,0.5049
CENTRO,CO,nivel,6,0.4792
CENTRO,CO,nivel,7,0.4791
CENTRO,CO,nivel,8,0.4617
CENTRO,CO,nivel,9,0.4372
CENTRO,CO,nivel,10,0.368
CENTRO,CO,nivel,11,0.3906
CENTRO,CO,nivel,12,0.4093
CENTRO,CO,nivel,13,0.3658
CENTRO,CO,nivel,14,0.3261
CENTRO,CO,nivel,15,0.2871
CENTRO,CO,nivel,16,0.3087
CENTRO,CO,nivel,17,0.3358
CENTRO,CO,nivel,18,0.3006
CENTRO,CO,nivel,19,0.2681
CENTRO,CO,nivel,20,0.2873
CENTRO,CO,nivel,21,0.2711
CENTRO,CO,gap,1,0.0612
CENTRO,CO,gap,2,-0.0777
CENTRO,CO,gap,3,-0.1205
CENTRO,CO,gap,4,0.1442
CENTRO,CO,gap,5,0.0469
CENTRO,CO,gap,6,0.0901
CENTRO,CO,gap,7,0.0197
CENTRO,CO,gap,8,-0.0395
CENTRO,CO,gap,9,-0.1099
CENTRO,CO,gap,10,-0.1149
CENTRO,CO,gap,11,0.0998
CENTRO,CO,gap,12,0.1095
CENTRO,CO,gap,13,-0.0157
CENTRO,CO,gap,14,-0.0947
CENTRO,CO,gap,15,0.0267
CENTRO,CO,gap,16,0.1018
CENTRO,CO,gap,17,-0.0702
CENTRO,CO,gap,18,0.0094
CENTRO,CO,gap,19,-0.005
CENTRO,CO,gap,20,-0.0214
CENTRO,CO,gap,21,-0.0113
CENTRO,NO2,nivel,1,0.323
CENTRO,NO2,nivel,2,0.1258
CENTRO,NO2,nivel,3,0.044
CENTRO,NO2,nivel,4,0.0198
CENTRO,NO2,nivel,5,0.0292
CENTRO,NO2,nivel,6,0.0173
CENTRO,NO2,nivel,7,0.0322
CENTRO,NO2,nivel,8,-0.0121
CENTRO,NO2,nivel,9,0.0134
CENTRO,NO2,nivel,10,0.0217
CENTRO,NO2,nivel,11,-0.0197
CENTRO,NO2,nivel,12,-0.0344
CENTRO,NO2,nivel,13,-0.027
CENTRO,NO2,nivel,14,-0.0328
CENTRO,NO2,nivel,15,-0.0252
CENTRO,NO2,nivel,16,-0.0497
CENTRO,NO2,nivel,17,-0.0673
CENTRO,NO2,nivel,18,-0.0692
CENTRO,NO2,nivel,19,-0.0586
CENTRO,NO2,nivel,20,-0.0251
CENTRO,NO2,nivel,21,-0.0232
CENTRO,NO2,gap,1,0.1375
CENTRO,NO2,gap,2,0.0581
CENTRO,NO2,gap,3,0.0018
CENTRO,NO2,gap,4,0.0052
CENTRO,NO2,gap,5,0.0119
CENTRO,NO2,gap,6,0.0243
CENTRO,NO2,gap,7,0.0148
CENTRO,NO2,gap,8,0.0522
CENTRO,NO2,gap,9,0.0292
CENTRO,NO2,gap,10,-0.0104
CENTRO,NO2,gap,11,-0.0376
CENTRO,NO2,gap,12,0.0031
CENTRO,NO2,gap,13,0.0081
CENTRO,NO2,gap,14,0.0062
CENTRO,NO2,gap,15,-0.0177
CENTRO,NO2,gap,16,-0.0067
CENTRO,NO2,gap,17,-0.0063
CENTRO,NO2,gap,18,0.0389
CENTRO,NO2,gap,19,0.0002
CENTRO,NO2,gap,20,-0.008
CENTRO,NO2,gap,21,-0.0464
CENTRO,O3,nivel,1,0.4517
CENTRO,O3,nivel,2,0.2653
CENTRO,O3,nivel,3,0.2307
CENTRO,O3,nivel,4,0.2348
CENTRO,O3,nivel,5,0.2074
CENTRO,O3,nivel,6,0.1915
CENTRO,O3,nivel,7,0.1976
CENTRO,O3,nivel,8,0.1738
CENTRO,O3,nivel,9,0.1331
CENTRO,O3,nivel,10,0.202
CENTRO,O3,nivel,11,0.1628
CENTRO,O3,nivel,12,0.1313
CENTRO,O3,nivel,13,0.1487
CENTRO,O3,nivel,14,0.1589
CENTRO,O3,nivel,15,0.1705
CENTRO,O3,nivel,16,0.1252
CENTRO,O3,nivel,17,0.1098
CENTRO,O3,nivel,18,0.1846
CENTRO,O3,nivel,19,0.1875
CENTRO,O3,nivel,20,0.1881
CENTRO,O3,nivel,21,0.169
CENTRO,O3,gap,1,0.3513
CENTRO,O3,gap,2,0.1469
CENTRO,O3,gap,3,0.0489
CENTRO,O3,gap,4,0.0468
CENTRO,O3,gap,5,0.0761
CENTRO,O3,gap,6,0.0828
CENTRO,O3,gap,7,0.0505
CENTRO,O3,gap,8,-0.0048
CENTRO,O3,gap,9,0.0113
CENTRO,O3,gap,10,0.0674
CENTRO,O3,gap,11,0.0562
CENTRO,O3,gap,12,-0.0006
CENTRO,O3,gap,13,0.0001
CENTRO,O3,gap,14,0.0276
CENTRO,O3,gap,15,-0.0128
CENTRO,O3,gap,16,-0.0271
CENTRO,O3,gap,17,-0.0554
CENTRO,O3,gap,18,-0.031
CENTRO,O3,gap,19,-0.0159
CENTRO,O3,gap,20,0.0228
CENTRO,O3,gap,21,0.0125
CENTRO,PM10,nivel,1,0.4896
CENTRO,PM10,nivel,2,0.3026
CENTRO,PM10,nivel,3,0.2515
CENTRO,PM10,nivel,4,0.2189
CENTRO,PM10,nivel,5,0.1805
CENTRO,PM10,nivel,6,0.1858
CENTRO,PM10,nivel,7,0.1635
CENTRO,PM10,nivel,8,0.1704
CENTRO,PM10,nivel,9,0.1206
CENTRO,PM10,nivel,10,0.1082
CENTRO,PM10,nivel,11,0.1058
CENTRO,PM10,nivel,12,0.1118
CENTRO,PM10,nivel,13,0.0772
CENTRO,PM10,nivel,14,0.0643
CENTRO,PM10,nivel,15,0.0694
CENTRO,PM10,nivel,16,0.0779
CENTRO,PM10,nivel,17,0.0556
CENTRO,PM10,nivel,18,0.0971
CENTRO,PM10,nivel,19,0.1039
CENTRO,PM10,nivel,20,0.0418
CENTRO,PM10,nivel,21,0.0709
CENTRO,PM10,gap,1,0.0633
CENTRO,PM10,gap,2,0.0709
CENTRO,PM10,gap,3,-0.0238
CENTRO,PM10,gap,4,-0.027
CENTRO,PM10,gap,5,-0.0672
CENTRO,PM10,gap,6,-0.0096
CENTRO,PM10,gap,7,-0.0396
CENTRO,PM10,gap,8,0.0232
CENTRO,PM10,gap,9,-0.0071
CENTRO,PM10,gap,10,-0.0225
CENTRO,PM10,gap,11,-0.032
CENTRO,PM10,gap,12,-0.0116
CENTRO,PM10,gap,13,-0.0087
CENTRO,PM10,gap,14,-0.0452
CENTRO,PM10,gap,15,-0.0358
CENTRO,PM10,gap,16,-0.0482
CENTRO,PM10,gap,17,0.0043
CENTRO,PM10,gap,18,-0.0135
CENTRO,PM10,gap,19,0.046
CENTRO,PM10,gap,20,-0.0086
CENTRO,PM10,gap,21,0.025
CENTRO,PM2.5,nivel,1,0.3909
CENTRO,PM2.5,nivel,2,0.2473
CENTRO,PM2.5,nivel,3,0.2021
CENTRO,PM2.5,nivel,4,0.1592
CENTRO,PM2.5,nivel,5,0.1195
CENTRO,PM2.5,nivel,6,0.1149
CENTRO,PM2.5,nivel,7,0.0956
CENTRO,PM2.5,nivel,8,0.1195
CENTRO,PM2.5,nivel,9,0.0661
CENTRO,PM2.5,nivel,10,0.0627
CENTRO,PM2.5,nivel,11,0.0341
CENTRO,PM2.5,nivel,12,0.0472
CENTRO,PM2.5,nivel,13,0.0151
CENTRO,PM2.5,nivel,14,0.0175
CENTRO,PM2.5,nivel,15,0.0291
CENTRO,PM2.5,nivel,16,0.0316
CENTRO,PM2.5,nivel,17,-0.0186
CENTRO,PM2.5,nivel,18,0.0317
CENTRO,PM2.5,nivel,19,0.0473
CENTRO,PM2.5,nivel,20,0.0499
CENTRO,PM2.5,nivel,21,0.0825
CENTRO,PM2.5,gap,1,0.0656
CENTRO,PM2.5,gap,2,0.0206
CENTRO,PM2.5,gap,3,0.0084
CENTRO,PM2.5,gap,4,-0.0544
CENTRO,PM2.5,gap,5,-0.0716
CENTRO,PM2.5,gap,6,-0.0014
CENTRO,PM2.5,gap,7,-0.0028
CENTRO,PM2.5,gap,8,0.0548
CENTRO,PM2.5,gap,9,0.0128
CENTRO,PM2.5,gap,10,-0.0101
CENTRO,PM2.5,gap,11,-0.0551
CENTRO,PM2.5,gap,12,-0.0256
CENTRO,PM2.5,gap,13,-0.0088
CENTRO,PM2.5,gap,14,-0.0594
CENTRO,PM2.5,gap,15,0.001
CENTRO,PM2.5,gap,16,0.0021
CENTRO,PM2.5,gap,17,0.0105
CENTRO,PM2.5,gap,18,0.0552
CENTRO,PM2.5,gap,19,-0.0359
CENTRO,PM2.5,gap,20,-0.0124
CENTRO,PM2.5,gap,21,0.019
NORESTE3,CO,nivel,1,0.8303
NORESTE3,CO,nivel,2,0.737
NORESTE3,CO,nivel,3,0.7083
NORESTE3,CO,nivel,4,0.6734
NORESTE3,CO,nivel,5,0.6321
NORESTE3,CO,nivel,6,0.5899
NORESTE3,CO,nivel,7,0.5649
NORESTE3,CO,nivel,8,0.5451
NORESTE3,CO,nivel,9,0.5292
NORESTE3,CO,nivel,10,0.5261
NORESTE3,CO,nivel,11,0.5115
NORESTE3,CO,nivel,12,0.513
NORESTE3,CO,nivel,13,0.5355
NORESTE3,CO,nivel,14,0.5574
NORESTE3,CO,nivel,15,0.5546
NORESTE3,CO,nivel,16,0.5678
NORESTE3,CO,nivel,17,0.6021
NORESTE3,CO,nivel,18,0.6031
NORESTE3,CO,nivel,19,0.5939
NORESTE3,CO,nivel,20,0.5821
NORESTE3,CO,nivel,21,0.5732
NORESTE3,CO,gap,1,0.2922
NORESTE3,CO,gap,2,0.0929
NORESTE3,CO,gap,3,0.1261
NORESTE3,CO,gap,4,0.0655
NORESTE3,CO,gap,5,0.0564
NORESTE3,CO,gap,6,0.0882
NORESTE3,CO,gap,7,0.0124
NORESTE3,CO,gap,8,-0.0045
NORESTE3,CO,gap,9,-0.0003
NORESTE3,CO,gap,10,0.0174
NORESTE3,CO,gap,11,-0.0096
NORESTE3,CO,gap,12,0.0238
NORESTE3,CO,gap,13,0.0084
NORESTE3,CO,gap,14,-0.0102
NORESTE3,CO,gap,15,0.0357
NORESTE3,CO,gap,16,0.06
NORESTE3,CO,gap,17,-0.0093
NORESTE3,CO,gap,18,-0.011
NORESTE3,CO,gap,19,0.0324
NORESTE3,CO,gap,20,0.0163
NORESTE3,CO,gap,21,0.0158
NORESTE3,NO2,nivel,1,0.4072
NORESTE3,NO2,nivel,2,0.2173
NORESTE3,NO2,nivel,3,0.102
NORESTE3,NO2,nivel,4,0.0722
NORESTE3,NO2,nivel,5,-0.023
NORESTE3,NO2,nivel,6,0.0263
NORESTE3,NO2,nivel,7,0.0062
NORESTE3,NO2,nivel,8,0.0295
NORESTE3,NO2,nivel,9,0.0615
NORESTE3,NO2,nivel,10,0.0231
NORESTE3,NO2,nivel,11,0.002
NORESTE3,NO2,nivel,12,-0.0341
NORESTE3,NO2,nivel,13,-0.0115
NORESTE3,NO2,nivel,14,-0.0441
NORESTE3,NO2,nivel,15,-0.0484
NORESTE3,NO2,nivel,16,-0.0578
NORESTE3,NO2,nivel,17,-0.0449
NORESTE3,NO2,nivel,18,-0.0667
NORESTE3,NO2,nivel,19,-0.039
NORESTE3,NO2,nivel,20,-0.0153
NORESTE3,NO2,nivel,21,-0.0138
NORESTE3,NO2,gap,1,0.2113
NORESTE3,NO2,gap,2,0.0499
NORESTE3,NO2,gap,3,0.0182
NORESTE3,NO2,gap,4,0.011
NORESTE3,NO2,gap,5,0.0522
NORESTE3,NO2,gap,6,0.0636
NORESTE3,NO2,gap,7,0.0106
NORESTE3,NO2,gap,8,0.0407
NORESTE3,NO2,gap,9,0.0212
NORESTE3,NO2,gap,10,0.0438
NORESTE3,NO2,gap,11,-0.0213
NORESTE3,NO2,gap,12,0.02
NORESTE3,NO2,gap,13,0.0289
NORESTE3,NO2,gap,14,0.0354
NORESTE3,NO2,gap,15,-0.0186
NORESTE3,NO2,gap,16,-0.026
NORESTE3,NO2,gap,17,-0.0132
NORESTE3,NO2,gap,18,0.0029
NORESTE3,NO2,gap,19,-0.0074
NORESTE3,NO2,gap,20,-0.0382
NORESTE3,NO2,gap,21,0.0197
NORESTE3,O3,nivel,1,0.2589
NORESTE3,O3,nivel,2,0.1357
NORESTE3,O3,nivel,3,0.0919
NORESTE3,O3,nivel,4,0.136
NORESTE3,O3,nivel,5,0.0857
NORESTE3,O3,nivel,6,0.123
NORESTE3,O3,nivel,7,0.1201
NORESTE3,O3,nivel,8,0.1183
NORESTE3,O3,nivel,9,0.103
NORESTE3,O3,nivel,10,0.0944
NORESTE3,O3,nivel,11,0.113
NORESTE3,O3,nivel,12,0.1222
NORESTE3,O3,nivel,13,0.079
NORESTE3,O3,nivel,14,0.0969
NORESTE3,O3,nivel,15,0.1518
NORESTE3,O3,nivel,16,0.1324
NORESTE3,O3,nivel,17,0.1402
NORESTE3,O3,nivel,18,0.1046
NORESTE3,O3,nivel,19,0.1399
NORESTE3,O3,nivel,20,0.1164
NORESTE3,O3,nivel,21,0.109
NORESTE3,O3,gap,1,0.3045
NORESTE3,O3,gap,2,0.1385
NORESTE3,O3,gap,3,0.0277
NORESTE3,O3,gap,4,0.0222
NORESTE3,O3,gap,5,-0.0103
NORESTE3,O3,gap,6,0.0066
NORESTE3,O3,gap,7,0.0052
NORESTE3,O3,gap,8,0.0395
NORESTE3,O3,gap,9,0.0237
NORESTE3,O3,gap,10,0.0352
NORESTE3,O3,gap,11,0.0127
NORESTE3,O3,gap,12,0.0063
NORESTE3,O3,gap,13,0.0225
NORESTE3,O3,gap,14,0.0004
NORESTE3,O3,gap,15,-0.005
NORESTE3,O3,gap,16,0.0167
NORESTE3,O3,gap,17,0.024
NORESTE3,O3,gap,18,-0.0344
NORESTE3,O3,gap,19,-0.0517
NORESTE3,O3,gap,20,-0.0327
NORESTE3,O3,gap,21,-0.0227
NORESTE3,PM10,nivel,1,0.4462
NORESTE3,PM10,nivel,2,0.2033
NORESTE3,PM10,nivel,3,0.0901
NORESTE3,PM10,nivel,4,0.0473
NORESTE3,PM10,nivel,5,0.0063
NORESTE3,PM10,nivel,6,0.0264
NORESTE3,PM10,nivel,7,0.0207
NORESTE3,PM10,nivel,8,0.0372
NORESTE3,PM10,nivel,9,0.0086
NORESTE3,PM10,nivel,10,-0.0281
NORESTE3,PM10,nivel,11,0.0018
NORESTE3,PM10,nivel,12,0.0032
NORESTE3,PM10,nivel,13,-0.0214
NORESTE3,PM10,nivel,14,-0.0088
NORESTE3,PM10,nivel,15,0.0187
NORESTE3,PM10,nivel,16,0.0319
NORESTE3,PM10,nivel,17,0.0649
NORESTE3,PM10,nivel,18,0.0639
NORESTE3,PM10,nivel,19,0.0331
NORESTE3,PM10,nivel,20,-0.0559
NORESTE3,PM10,nivel,21,-0.0518
NORESTE3,PM10,gap,1,0.0378
NORESTE3,PM10,gap,2,-0.0218
NORESTE3,PM10,gap,3,0.0135
NORESTE3,PM10,gap,4,-0.0405
NORESTE3,PM10,gap,5,0.0165
NORESTE3,PM10,gap,6,0.0368
NORESTE3,PM10,gap,7,0.0436
NORESTE3,PM10,gap,8,-0.0022
NORESTE3,PM10,gap,9,-0.0576
NORESTE3,PM10,gap,10,0.0235
NORESTE3,PM10,gap,11,0.0078
NORESTE3,PM10,gap,12,0.0302
NORESTE3,PM10,gap,13,-0.016
NORESTE3,PM10,gap,14,-0.015
NORESTE3,PM10,gap,15,0.0316
NORESTE3,PM10,gap,16,-0.0058
NORESTE3,PM10,gap,17,-0.0114
NORESTE3,PM10,gap,18,0.0151
NORESTE3,PM10,gap,19,-0.0076
NORESTE3,PM10,gap,20,-0.0016
NORESTE3,PM10,gap,21,-0.0483
NORESTE3,PM2.5,nivel,1,0.3594
NORESTE3,PM2.5,nivel,2,0.1487
NORESTE3,PM2.5,nivel,3,0.0596
NORESTE3,PM2.5,nivel,4,0.0374
NORESTE3,PM2.5,nivel,5,-0.0065
NORESTE3,PM2.5,nivel,6,0.0276
NORESTE3,PM2.5,nivel,7,0.0433
NORESTE3,PM2.5,nivel,8,0.043
NORESTE3,PM2.5,nivel,9,-0.0082
NORESTE3,PM2.5,nivel,10,0.001
NORESTE3,PM2.5,nivel,11,0.02
NORESTE3,PM2.5,nivel,12,0.0126
NORESTE3,PM2.5,nivel,13,0.0066
NORESTE3,PM2.5,nivel,14,-0.009
NORESTE3,PM2.5,nivel,15,-0.0021
NORESTE3,PM2.5,nivel,16,-0.017
NORESTE3,PM2.5,nivel,17,0.0014
NORESTE3,PM2.5,nivel,18,-0.02
NORESTE3,PM2.5,nivel,19,-0.0049
NORESTE3,PM2.5,nivel,20,-0.0495
NORESTE3,PM2.5,nivel,21,-0.0233
NORESTE3,PM2.5,gap,1,0.1982
NORESTE3,PM2.5,gap,2,0.1144
NORESTE3,PM2.5,gap,3,0.0949
NORESTE3,PM2.5,gap,4,0.0834
NORESTE3,PM2.5,gap,5,0.0245
NORESTE3,PM2.5,gap,6,0.0474
NORESTE3,PM2.5,gap,7,0.0438
NORESTE3,PM2.5,gap,8,0.0485
NORESTE3,PM2.5,gap,9,0.0161
NORESTE3,PM2.5,gap,10,0.0261
NORESTE3,PM2.5,gap,11,0.0497
NORESTE3,PM2.5,gap,12,0.0414
NORESTE3,PM2.5,gap,13,0.044
NORESTE3,PM2.5,gap,14,0.0203
NORESTE3,PM2.5,gap,15,0.0617
NORESTE3,PM2.5,gap,16,0.0523
NORESTE3,PM2.5,gap,17,0.0601
NORESTE3,PM2.5,gap,18,0.128
NORESTE3,PM2.5,gap,19,0.051
NORESTE3,PM2.5,gap,20,-0.0082
NORESTE3,PM2.5,gap,21,0.0458
NOROESTE3,CO,nivel,1,0.8053
NOROESTE3,CO,nivel,2,0.7228
NOROESTE3,CO,nivel,3,0.6721
NOROESTE3,CO,nivel,4,0.6465
NOROESTE3,CO,nivel,5,0.6095
NOROESTE3,CO,nivel,6,0.5771
NOROESTE3,CO,nivel,7,0.556
NOROESTE3,CO,nivel,8,0.5305
NOROESTE3,CO,nivel,9,0.5198
NOROESTE3,CO,nivel,10,0.5063
NOROESTE3,CO,nivel,11,0.4918
NOROESTE3,CO,nivel,12,0.4762
NOROESTE3,CO,nivel,13,0.4618
NOROESTE3,CO,nivel,14,0.4518
NOROESTE3,CO,nivel,15,0.4549
NOROESTE3,CO,nivel,16,0.4391
NOROESTE3,CO,nivel,17,0.4181
NOROESTE3,CO,nivel,18,0.4024
NOROESTE3,CO,nivel,19,0.3775
NOROESTE3,CO,nivel,20,0.3718
NOROESTE3,CO,nivel,21,0.3559
NOROESTE3,CO,gap,1,0.193
NOROESTE3,CO,gap,2,0.1477
NOROESTE3,CO,gap,3,0.0583
NOROESTE3,CO,gap,4,0.0791
NOROESTE3,CO,gap,5,0.0775
NOROESTE3,CO,gap,6,-0.0283
NOROESTE3,CO,gap,7,0.0056
NOROESTE3,CO,gap,8,0.0064
NOROESTE3,CO,gap,9,0.0155
NOROESTE3,CO,gap,10,0.0051
NOROESTE3,CO,gap,11,0.0043
NOROESTE3,CO,gap,12,-0.0108
NOROESTE3,CO,gap,13,0.0195
NOROESTE3,CO,gap,14,0.012
NOROESTE3,CO,gap,15,-0.0148
NOROESTE3,CO,gap,16,-0.0294
NOROESTE3,CO,gap,17,-0.0327
NOROESTE3,CO,gap,18,0.0006
NOROESTE3,CO,gap,19,0.0129
NOROESTE3,CO,gap,20,-0.0164
NOROESTE3,CO,gap,21,-0.0448
NOROESTE3,NO2,nivel,1,0.4921
NOROESTE3,NO2,nivel,2,0.3098
NOROESTE3,NO2,nivel,3,0.2137
NOROESTE3,NO2,nivel,4,0.2212
NOROESTE3,NO2,nivel,5,0.166
NOROESTE3,NO2,nivel,6,0.1691
NOROESTE3,NO2,nivel,7,0.1411
NOROESTE3,NO2,nivel,8,0.1338
NOROESTE3,NO2,nivel,9,0.1966
NOROESTE3,NO2,nivel,10,0.1948
NOROESTE3,NO2,nivel,11,0.196
NOROESTE3,NO2,nivel,12,0.1899
NOROESTE3,NO2,nivel,13,0.1557
NOROESTE3,NO2,nivel,14,0.1153
NOROESTE3,NO2,nivel,15,0.1308
NOROESTE3,NO2,nivel,16,0.1449
NOROESTE3,NO2,nivel,17,0.0894
NOROESTE3,NO2,nivel,18,0.1092
NOROESTE3,NO2,nivel,19,0.1121
NOROESTE3,NO2,nivel,20,0.1224
NOROESTE3,NO2,nivel,21,0.1463
NOROESTE3,NO2,gap,1,0.1954
NOROESTE3,NO2,gap,2,0.0711
NOROESTE3,NO2,gap,3,0.0525
NOROESTE3,NO2,gap,4,-0.0223
NOROESTE3,NO2,gap,5,0.0072
NOROESTE3,NO2,gap,6,0.0078
NOROESTE3,NO2,gap,7,-0.0168
NOROESTE3,NO2,gap,8,0.0321
NOROESTE3,NO2,gap,9,0.0127
NOROESTE3,NO2,gap,10,-0.0033
NOROESTE3,NO2,gap,11,-0.0238
NOROESTE3,NO2,gap,12,-0.008
NOROESTE3,NO2,gap,13,-0.0414
NOROESTE3,NO2,gap,14,-0.0
NOROESTE3,NO2,gap,15,-0.0566
NOROESTE3,NO2,gap,16,-0.0413
NOROESTE3,NO2,gap,17,-0.0227
NOROESTE3,NO2,gap,18,-0.0206
NOROESTE3,NO2,gap,19,-0.0056
NOROESTE3,NO2,gap,20,-0.0233
NOROESTE3,NO2,gap,21,-0.0076
NOROESTE3,O3,nivel,1,0.2687
NOROESTE3,O3,nivel,2,0.0951
NOROESTE3,O3,nivel,3,0.0778
NOROESTE3,O3,nivel,4,0.1218
NOROESTE3,O3,nivel,5,0.047
NOROESTE3,O3,nivel,6,0.0508
NOROESTE3,O3,nivel,7,0.0464
NOROESTE3,O3,nivel,8,0.0372
NOROESTE3,O3,nivel,9,0.0792
NOROESTE3,O3,nivel,10,0.0492
NOROESTE3,O3,nivel,11,0.0797
NOROESTE3,O3,nivel,12,0.0344
NOROESTE3,O3,nivel,13,0.0556
NOROESTE3,O3,nivel,14,0.0436
NOROESTE3,O3,nivel,15,0.0956
NOROESTE3,O3,nivel,16,0.0527
NOROESTE3,O3,nivel,17,0.0303
NOROESTE3,O3,nivel,18,0.058
NOROESTE3,O3,nivel,19,0.0737
NOROESTE3,O3,nivel,20,0.0683
NOROESTE3,O3,nivel,21,0.0392
NOROESTE3,O3,gap,1,0.3334
NOROESTE3,O3,gap,2,0.1127
NOROESTE3,O3,gap,3,0.0398
NOROESTE3,O3,gap,4,0.0614
NOROESTE3,O3,gap,5,-0.0128
NOROESTE3,O3,gap,6,-0.0066
NOROESTE3,O3,gap,7,-0.028
NOROESTE3,O3,gap,8,0.0176
NOROESTE3,O3,gap,9,0.0802
NOROESTE3,O3,gap,10,0.0167
NOROESTE3,O3,gap,11,0.0125
NOROESTE3,O3,gap,12,-0.0147
NOROESTE3,O3,gap,13,-0.0066
NOROESTE3,O3,gap,14,-0.009
NOROESTE3,O3,gap,15,0.0071
NOROESTE3,O3,gap,16,-0.0102
NOROESTE3,O3,gap,17,-0.029
NOROESTE3,O3,gap,18,-0.0005
NOROESTE3,O3,gap,19,-0.0064
NOROESTE3,O3,gap,20,0.0178
NOROESTE3,O3,gap,21,0.0161
NOROESTE3,PM10,nivel,1,0.4686
NOROESTE3,PM10,nivel,2,0.1883
NOROESTE3,PM10,nivel,3,0.0936
NOROESTE3,PM10,nivel,4,0.0923
NOROESTE3,PM10,nivel,5,0.0398
NOROESTE3,PM10,nivel,6,-0.0005
NOROESTE3,PM10,nivel,7,0.0136
NOROESTE3,PM10,nivel,8,-0.0099
NOROESTE3,PM10,nivel,9,-0.0335
NOROESTE3,PM10,nivel,10,-0.0233
NOROESTE3,PM10,nivel,11,-0.0129
NOROESTE3,PM10,nivel,12,0.0151
NOROESTE3,PM10,nivel,13,-0.0148
NOROESTE3,PM10,nivel,14,-0.0073
NOROESTE3,PM10,nivel,15,-0.0001
NOROESTE3,PM10,nivel,16,0.0053
NOROESTE3,PM10,nivel,17,-0.0034
NOROESTE3,PM10,nivel,18,0.0168
NOROESTE3,PM10,nivel,19,-0.006
NOROESTE3,PM10,nivel,20,-0.0222
NOROESTE3,PM10,nivel,21,-0.0599
NOROESTE3,PM10,gap,1,0.0703
NOROESTE3,PM10,gap,2,0.0053
NOROESTE3,PM10,gap,3,0.1033
NOROESTE3,PM10,gap,4,0.0464
NOROESTE3,PM10,gap,5,-0.0133
NOROESTE3,PM10,gap,6,-0.0344
NOROESTE3,PM10,gap,7,-0.0115
NOROESTE3,PM10,gap,8,-0.0169
NOROESTE3,PM10,gap,9,-0.0073
NOROESTE3,PM10,gap,10,-0.0073
NOROESTE3,PM10,gap,11,-0.0048
NOROESTE3,PM10,gap,12,0.0015
NOROESTE3,PM10,gap,13,0.0062
NOROESTE3,PM10,gap,14,0.0096
NOROESTE3,PM10,gap,15,0.035
NOROESTE3,PM10,gap,16,0.0327
NOROESTE3,PM10,gap,17,0.0302
NOROESTE3,PM10,gap,18,0.0557
NOROESTE3,PM10,gap,19,0.0398
NOROESTE3,PM10,gap,20,-0.0331
NOROESTE3,PM10,gap,21,-0.0466
NOROESTE3,PM2.5,nivel,1,0.4905
NOROESTE3,PM2.5,nivel,2,0.2941
NOROESTE3,PM2.5,nivel,3,0.2196
NOROESTE3,PM2.5,nivel,4,0.1956
NOROESTE3,PM2.5,nivel,5,0.1855
NOROESTE3,PM2.5,nivel,6,0.1473
NOROESTE3,PM2.5,nivel,7,0.151
NOROESTE3,PM2.5,nivel,8,0.1612
NOROESTE3,PM2.5,nivel,9,0.1714
NOROESTE3,PM2.5,nivel,10,0.2099
NOROESTE3,PM2.5,nivel,11,0.1736
NOROESTE3,PM2.5,nivel,12,0.155
NOROESTE3,PM2.5,nivel,13,0.1603
NOROESTE3,PM2.5,nivel,14,0.1695
NOROESTE3,PM2.5,nivel,15,0.1832
NOROESTE3,PM2.5,nivel,16,0.148
NOROESTE3,PM2.5,nivel,17,0.1408
NOROESTE3,PM2.5,nivel,18,0.1343
NOROESTE3,PM2.5,nivel,19,0.1362
NOROESTE3,PM2.5,nivel,20,0.1359
NOROESTE3,PM2.5,nivel,21,0.1319
NOROESTE3,PM2.5,gap,1,0.1846
NOROESTE3,PM2.5,gap,2,0.0856
NOROESTE3,PM2.5,gap,3,0.1403
NOROESTE3,PM2.5,gap,4,0.1157
NOROESTE3,PM2.5,gap,5,0.1295
NOROESTE3,PM2.5,gap,6,0.0206
NOROESTE3,PM2.5,gap,7,0.0524
NOROESTE3,PM2.5,gap,8,0.1045
NOROESTE3,PM2.5,gap,9,0.1044
NOROESTE3,PM2.5,gap,10,0.0627
NOROESTE3,PM2.5,gap,11,0.0483
NOROESTE3,PM2.5,gap,12,0.0656
NOROESTE3,PM2.5,gap,13,0.0771
NOROESTE3,PM2.5,gap,14,0.0801
NOROESTE3,PM2.5,gap,15,0.0597
NOROESTE3,PM2.5,gap,16,0.0447
NOROESTE3,PM2.5,gap,17,0.0781
NOROESTE3,PM2.5,gap,18,0.0983
NOROESTE3,PM2.5,gap,19,0.0269
NOROESTE3,PM2.5,gap,20,0.0565
NOROESTE3,PM2.5,gap,21,0.0575
NORTE2,CO,nivel,1,0.4928
NORTE2,CO,nivel,2,0.3383
NORTE2,CO,nivel,3,0.2825
NORTE2,CO,nivel,4,0.2831
NORTE2,CO,nivel,5,0.2245
NORTE2,CO,nivel,6,0.2676
NORTE2,CO,nivel,7,0.2608
NORTE2,CO,nivel,8,0.2542
NORTE2,CO,nivel,9,0.2452
NORTE2,CO,nivel,10,0.2341
NORTE2,CO,nivel,11,0.196
NORTE2,CO,nivel,12,0.2283
NORTE2,CO,nivel,13,0.1862
NORTE2,CO,nivel,14,0.1893
NORTE2,CO,nivel,15,0.2153
NORTE2,CO,nivel,16,0.1982
NORTE2,CO,nivel,17,0.2381
NORTE2,CO,nivel,18,0.1876
NORTE2,CO,nivel,19,0.1435
NORTE2,CO,nivel,20,0.1389
NORTE2,CO,nivel,21,0.1509
NORTE2,CO,gap,1,0.1475
NORTE2,CO,gap,2,0.0499
NORTE2,CO,gap,3,0.0098
NORTE2,CO,gap,4,-0.0022
NORTE2,CO,gap,5,-0.0096
NORTE2,CO,gap,6,-0.0124
NORTE2,CO,gap,7,0.0111
NORTE2,CO,gap,8,0.0192
NORTE2,CO,gap,9,0.0163
NORTE2,CO,gap,10,-0.0118
NORTE2,CO,gap,11,-0.0068
NORTE2,CO,gap,12,0.0069
NORTE2,CO,gap,13,-0.0268
NORTE2,CO,gap,14,0.007
NORTE2,CO,gap,15,0.0038
NORTE2,CO,gap,16,-0.0048
NORTE2,CO,gap,17,0.0062
NORTE2,CO,gap,18,0.0523
NORTE2,CO,gap,19,-0.0112
NORTE2,CO,gap,20,-0.0267
NORTE2,CO,gap,21,-0.0331
NORTE2,NO2,nivel,1,0.4843
NORTE2,NO2,nivel,2,0.273
NORTE2,NO2,nivel,3,0.1526
NORTE2,NO2,nivel,4,0.1041
NORTE2,NO2,nivel,5,0.0369
NORTE2,NO2,nivel,6,0.0321
NORTE2,NO2,nivel,7,0.0179
NORTE2,NO2,nivel,8,0.0026
NORTE2,NO2,nivel,9,0.0231
NORTE2,NO2,nivel,10,0.0067
NORTE2,NO2,nivel,11,-0.0248
NORTE2,NO2,nivel,12,-0.0488
NORTE2,NO2,nivel,13,-0.0168
NORTE2,NO2,nivel,14,-0.0563
NORTE2,NO2,nivel,15,-0.0567
NORTE2,NO2,nivel,16,-0.0371
NORTE2,NO2,nivel,17,-0.0363
NORTE2,NO2,nivel,18,-0.035
NORTE2,NO2,nivel,19,-0.0572
NORTE2,NO2,nivel,20,-0.0331
NORTE2,NO2,nivel,21,0.0086
NORTE2,NO2,gap,1,0.1991
NORTE2,NO2,gap,2,0.0748
NORTE2,NO2,gap,3,0.0779
NORTE2,NO2,gap,4,0.013
NORTE2,NO2,gap,5,0.0594
NORTE2,NO2,gap,6,-0.0004
NORTE2,NO2,gap,7,0.0209
NORTE2,NO2,gap,8,0.0688
NORTE2,NO2,gap,9,0.0525
NORTE2,NO2,gap,10,0.0494
NORTE2,NO2,gap,11,-0.0204
NORTE2,NO2,gap,12,-0.0365
NORTE2,NO2,gap,13,-0.0509
NORTE2,NO2,gap,14,-0.0338
NORTE2,NO2,gap,15,-0.0608
NORTE2,NO2,gap,16,-0.0411
NORTE2,NO2,gap,17,-0.0539
NORTE2,NO2,gap,18,-0.0021
NORTE2,NO2,gap,19,-0.0137
NORTE2,NO2,gap,20,-0.0691
NORTE2,NO2,gap,21,-0.0038
NORTE2,O3,nivel,1,0.4007
NORTE2,O3,nivel,2,0.3033
NORTE2,O3,nivel,3,0.2721
NORTE2,O3,nivel,4,0.3236
NORTE2,O3,nivel,5,0.2422
NORTE2,O3,nivel,6,0.2796
NORTE2,O3,nivel,7,0.2619
NORTE2,O3,nivel,8,0.2747
NORTE2,O3,nivel,9,0.2372
NORTE2,O3,nivel,10,0.2557
NORTE2,O3,nivel,11,0.2694
NORTE2,O3,nivel,12,0.2768
NORTE2,O3,nivel,13,0.2482
NORTE2,O3,nivel,14,0.2241
NORTE2,O3,nivel,15,0.2825
NORTE2,O3,nivel,16,0.263
NORTE2,O3,nivel,17,0.2782
NORTE2,O3,nivel,18,0.2009
NORTE2,O3,nivel,19,0.2575
NORTE2,O3,nivel,20,0.2435
NORTE2,O3,nivel,21,0.24
NORTE2,O3,gap,1,0.3703
NORTE2,O3,gap,2,0.2329
NORTE2,O3,gap,3,0.1648
NORTE2,O3,gap,4,0.1915
NORTE2,O3,gap,5,0.1362
NORTE2,O3,gap,6,0.1363
NORTE2,O3,gap,7,0.1376
NORTE2,O3,gap,8,0.1497
NORTE2,O3,gap,9,0.14
NORTE2,O3,gap,10,0.1417
NORTE2,O3,gap,11,0.1266
NORTE2,O3,gap,12,0.1176
NORTE2,O3,gap,13,0.1124
NORTE2,O3,gap,14,0.074
NORTE2,O3,gap,15,0.0818
NORTE2,O3,gap,16,0.0819
NORTE2,O3,gap,17,0.1328
NORTE2,O3,gap,18,0.0485
NORTE2,O3,gap,19,0.0462
NORTE2,O3,gap,20,0.0784
NORTE2,O3,gap,21,0.1087
NORTE2,PM10,nivel,1,0.4453
NORTE2,PM10,nivel,2,0.1921
NORTE2,PM10,nivel,3,0.118
NORTE2,PM10,nivel,4,0.1014
NORTE2,PM10,nivel,5,0.0503
NORTE2,PM10,nivel,6,0.0332
NORTE2,PM10,nivel,7,0.0269
NORTE2,PM10,nivel,8,0.0239
NORTE2,PM10,nivel,9,-0.0097
NORTE2,PM10,nivel,10,-0.0287
NORTE2,PM10,nivel,11,0.0026
NORTE2,PM10,nivel,12,0.0308
NORTE2,PM10,nivel,13,0.0068
NORTE2,PM10,nivel,14,0.0199
NORTE2,PM10,nivel,15,0.0096
NORTE2,PM10,nivel,16,0.0243
NORTE2,PM10,nivel,17,0.0391
NORTE2,PM10,nivel,18,0.0455
NORTE2,PM10,nivel,19,0.0517
NORTE2,PM10,nivel,20,-0.054
NORTE2,PM10,nivel,21,-0.0356
NORTE2,PM10,gap,1,0.0707
NORTE2,PM10,gap,2,0.0503
NORTE2,PM10,gap,3,0.0812
NORTE2,PM10,gap,4,0.0726
NORTE2,PM10,gap,5,0.0465
NORTE2,PM10,gap,6,-0.0389
NORTE2,PM10,gap,7,0.0137
NORTE2,PM10,gap,8,0.0332
NORTE2,PM10,gap,9,-0.0417
NORTE2,PM10,gap,10,0.0337
NORTE2,PM10,gap,11,0.055
NORTE2,PM10,gap,12,0.045
NORTE2,PM10,gap,13,0.0141
NORTE2,PM10,gap,14,0.0612
NORTE2,PM10,gap,15,-0.0089
NORTE2,PM10,gap,16,0.038
NORTE2,PM10,gap,17,0.0529
NORTE2,PM10,gap,18,0.0333
NORTE2,PM10,gap,19,0.0844
NORTE2,PM10,gap,20,-0.0046
NORTE2,PM10,gap,21,0.0037
NORTE2,PM2.5,nivel,1,0.342
NORTE2,PM2.5,nivel,2,0.1458
NORTE2,PM2.5,nivel,3,0.0905
NORTE2,PM2.5,nivel,4,0.0474
NORTE2,PM2.5,nivel,5,0.0044
NORTE2,PM2.5,nivel,6,0.0634
NORTE2,PM2.5,nivel,7,0.054
NORTE2,PM2.5,nivel,8,0.035
NORTE2,PM2.5,nivel,9,0.0029
NORTE2,PM2.5,nivel,10,0.0296
NORTE2,PM2.5,nivel,11,0.0218
NORTE2,PM2.5,nivel,12,-0.001
NORTE2,PM2.5,nivel,13,-0.0429
NORTE2,PM2.5,nivel,14,-0.0431
NORTE2,PM2.5,nivel,15,-0.0129
NORTE2,PM2.5,nivel,16,-0.0079
NORTE2,PM2.5,nivel,17,0.0052
NORTE2,PM2.5,nivel,18,-0.0281
NORTE2,PM2.5,nivel,19,-0.0461
NORTE2,PM2.5,nivel,20,-0.0681
NORTE2,PM2.5,nivel,21,-0.0184
NORTE2,PM2.5,gap,1,0.1408
NORTE2,PM2.5,gap,2,0.0638
NORTE2,PM2.5,gap,3,0.0485
NORTE2,PM2.5,gap,4,0.0214
NORTE2,PM2.5,gap,5,0.0455
NORTE2,PM2.5,gap,6,-0.0174
NORTE2,PM2.5,gap,7,-0.0019
NORTE2,PM2.5,gap,8,0.0319
NORTE2,PM2.5,gap,9,0.0326
NORTE2,PM2.5,gap,10,0.0358
NORTE2,PM2.5,gap,11,-0.0
NORTE2,PM2.5,gap,12,-0.0229
NORTE2,PM2.5,gap,13,-0.0427
NORTE2,PM2.5,gap,14,-0.0544
NORTE2,PM2.5,gap,15,-0.0108
NORTE2,PM2.5,gap,16,-0.0382
NORTE2,PM2.5,gap,17,0.03
NORTE2,PM2.5,gap,18,0.0294
NORTE2,PM2.5,gap,19,0.0567
NORTE2,PM2.5,gap,20,-0.0321
NORTE2,PM2.5,gap,21,-0.0021
SUR,CO,nivel,1,0.8054
SUR,CO,nivel,2,0.7213
SUR,CO,nivel,3,0.6762
SUR,CO,nivel,4,0.6414
SUR,CO,nivel,5,0.5899
SUR,CO,nivel,6,0.5706
SUR,CO,nivel,7,0.5425
SUR,CO,nivel,8,0.5336
SUR,CO,nivel,9,0.5349
SUR,CO,nivel,10,0.5275
SUR,CO,nivel,11,0.5229
SUR,CO,nivel,12,0.5205
SUR,CO,nivel,13,0.4853
SUR,CO,nivel,14,0.4799
SUR,CO,nivel,15,0.4777
SUR,CO,nivel,16,0.4585
SUR,CO,nivel,17,0.4529
SUR,CO,nivel,18,0.431
SUR,CO,nivel,19,0.396
SUR,CO,nivel,20,0.3926
SUR,CO,nivel,21,0.3847
SUR,CO,gap,1,0.2176
SUR,CO,gap,2,0.1837
SUR,CO,gap,3,0.1762
SUR,CO,gap,4,0.1147
SUR,CO,gap,5,0.0562
SUR,CO,gap,6,0.0156
SUR,CO,gap,7,-0.011
SUR,CO,gap,8,0.0254
SUR,CO,gap,9,0.0281
SUR,CO,gap,10,-0.0372
SUR,CO,gap,11,0.0014
SUR,CO,gap,12,0.0263
SUR,CO,gap,13,-0.0091
SUR,CO,gap,14,0.0238
SUR,CO,gap,15,0.0105
SUR,CO,gap,16,0.0418
SUR,CO,gap,17,0.0185
SUR,CO,gap,18,0.0478
SUR,CO,gap,19,0.0003
SUR,CO,gap,20,0.036
SUR,CO,gap,21,-0.0022
SUR,NO2,nivel,1,0.5674
SUR,NO2,nivel,2,0.3851
SUR,NO2,nivel,3,0.2975
SUR,NO2,nivel,4,0.2459
SUR,NO2,nivel,5,0.1746
SUR,NO2,nivel,6,0.1881
SUR,NO2,nivel,7,0.153
SUR,NO2,nivel,8,0.1546
SUR,NO2,nivel,9,0.1901
SUR,NO2,nivel,10,0.1876
SUR,NO2,nivel,11,0.1359
SUR,NO2,nivel,12,0.1128
SUR,NO2,nivel,13,0.1262
SUR,NO2,nivel,14,0.0898
SUR,NO2,nivel,15,0.0901
SUR,NO2,nivel,16,0.0998
SUR,NO2,nivel,17,0.1087
SUR,NO2,nivel,18,0.1043
SUR,NO2,nivel,19,0.1071
SUR,NO2,nivel,20,0.1054
SUR,NO2,nivel,21,0.1299
SUR,NO2,gap,1,0.299
SUR,NO2,gap,2,0.1161
SUR,NO2,gap,3,0.113
SUR,NO2,gap,4,0.0676
SUR,NO2,gap,5,0.0686
SUR,NO2,gap,6,0.1254
SUR,NO2,gap,7,0.0793
SUR,NO2,gap,8,0.0627
SUR,NO2,gap,9,0.1064
SUR,NO2,gap,10,0.0812
SUR,NO2,gap,11,0.0833
SUR,NO2,gap,12,0.0384
SUR,NO2,gap,13,-0.012
SUR,NO2,gap,14,-0.0212
SUR,NO2,gap,15,0.0154
SUR,NO2,gap,16,-0.0046
SUR,NO2,gap,17,0.0182
SUR,NO2,gap,18,0.032
SUR,NO2,gap,19,0.0399
SUR,NO2,gap,20,0.0371
SUR,NO2,gap,21,0.0385
SUR,O3,nivel,1,0.2544
SUR,O3,nivel,2,0.0766
SUR,O3,nivel,3,0.0934
SUR,O3,nivel,4,0.1189
SUR,O3,nivel,5,0.0426
SUR,O3,nivel,6,0.1007
SUR,O3,nivel,7,0.0793
SUR,O3,nivel,8,0.0433
SUR,O3,nivel,9,0.0564
SUR,O3,nivel,10,0.1012
SUR,O3,nivel,11,0.0444
SUR,O3,nivel,12,0.0503
SUR,O3,nivel,13,0.0555
SUR,O3,nivel,14,0.0481
SUR,O3,nivel,15,0.0941
SUR,O3,nivel,16,0.0864
SUR,O3,nivel,17,0.0756
SUR,O3,nivel,18,0.0776
SUR,O3,nivel,19,0.0975
SUR,O3,nivel,20,0.0844
SUR,O3,nivel,21,0.1048
SUR,O3,gap,1,0.2941
SUR,O3,gap,2,0.138
SUR,O3,gap,3,0.0606
SUR,O3,gap,4,0.0807
SUR,O3,gap,5,0.0107
SUR,O3,gap,6,0.0276
SUR,O3,gap,7,0.0012
SUR,O3,gap,8,0.0224
SUR,O3,gap,9,0.0552
SUR,O3,gap,10,0.0395
SUR,O3,gap,11,-0.0028
SUR,O3,gap,12,0.0055
SUR,O3,gap,13,0.0188
SUR,O3,gap,14,-0.0244
SUR,O3,gap,15,0.0093
SUR,O3,gap,16,0.0255
SUR,O3,gap,17,-0.003
SUR,O3,gap,18,-0.0274
SUR,O3,gap,19,-0.0033
SUR,O3,gap,20,0.0189
SUR,O3,gap,21,0.0331
SUR,PM10,nivel,1,0.5072
SUR,PM10,nivel,2,0.2617
SUR,PM10,nivel,3,0.1444
SUR,PM10,nivel,4,0.1186
SUR,PM10,nivel,5,0.0816
SUR,PM10,nivel,6,0.0596
SUR,PM10,nivel,7,0.0524
SUR,PM10,nivel,8,0.0728
SUR,PM10,nivel,9,0.0227
SUR,PM10,nivel,10,0.0208
SUR,PM10,nivel,11,0.045
SUR,PM10,nivel,12,0.0534
SUR,PM10,nivel,13,0.0259
SUR,PM10,nivel,14,0.0084
SUR,PM10,nivel,15,0.0351
SUR,PM10,nivel,16,0.0612
SUR,PM10,nivel,17,0.067
SUR,PM10,nivel,18,0.0816
SUR,PM10,nivel,19,0.0384
SUR,PM10,nivel,20,-0.0119
SUR,PM10,nivel,21,0.004
SUR,PM10,gap,1,0.14
SUR,PM10,gap,2,0.1163
SUR,PM10,gap,3,0.0514
SUR,PM10,gap,4,0.0636
SUR,PM10,gap,5,-0.0207
SUR,PM10,gap,6,-0.0271
SUR,PM10,gap,7,0.0138
SUR,PM10,gap,8,0.0423
SUR,PM10,gap,9,-0.0604
SUR,PM10,gap,10,0.0015
SUR,PM10,gap,11,-0.0083
SUR,PM10,gap,12,0.0372
SUR,PM10,gap,13,-0.0277
SUR,PM10,gap,14,-0.0028
SUR,PM10,gap,15,0.0128
SUR,PM10,gap,16,-0.023
SUR,PM10,gap,17,-0.0014
SUR,PM10,gap,18,-0.0228
SUR,PM10,gap,19,-0.015
SUR,PM10,gap,20,-0.0754
SUR,PM10,gap,21,-0.0665
SUR,PM2.5,nivel,1,0.4148
SUR,PM2.5,nivel,2,0.1877
SUR,PM2.5,nivel,3,0.1093
SUR,PM2.5,nivel,4,0.0832
SUR,PM2.5,nivel,5,0.0355
SUR,PM2.5,nivel,6,0.0447
SUR,PM2.5,nivel,7,0.0521
SUR,PM2.5,nivel,8,0.0491
SUR,PM2.5,nivel,9,-0.0044
SUR,PM2.5,nivel,10,0.0136
SUR,PM2.5,nivel,11,0.0167
SUR,PM2.5,nivel,12,0.0041
SUR,PM2.5,nivel,13,-0.0461
SUR,PM2.5,nivel,14,-0.0582
SUR,PM2.5,nivel,15,-0.0129
SUR,PM2.5,nivel,16,-0.0057
SUR,PM2.5,nivel,17,-0.0361
SUR,PM2.5,nivel,18,-0.0221
SUR,PM2.5,nivel,19,-0.0429
SUR,PM2.5,nivel,20,-0.0638
SUR,PM2.5,nivel,21,-0.0119
SUR,PM2.5,gap,1,0.2209
SUR,PM2.5,gap,2,0.1191
SUR,PM2.5,gap,3,0.1114
SUR,PM2.5,gap,4,0.1232
SUR,PM2.5,gap,5,-0.0114
SUR,PM2.5,gap,6,0.0475
SUR,PM2.5,gap,7,0.0725
SUR,PM2.5,gap,8,0.0785
SUR,PM2.5,gap,9,0.0017
SUR,PM2.5,gap,10,0.0552
SUR,PM2.5,gap,11,0.0156
SUR,PM2.5,gap,12,0.0156
SUR,PM2.5,gap,13,-0.0179
SUR,PM2.5,gap,14,0.0138
SUR,PM2.5,gap,15,0.0401
SUR,PM2.5,gap,16,0.0361
SUR,PM2.5,gap,17,0.0468
SUR,PM2.5,gap,18,0.0285
SUR,PM2.5,gap,19,0.0221
SUR,PM2.5,gap,20,-0.0316
SUR,PM2.5,gap,21,-0.029
SUROESTE2,CO,nivel,1,0.7569
SUROESTE2,CO,nivel,2,0.7089
SUROESTE2,CO,nivel,3,0.6646
SUROESTE2,CO,nivel,4,0.6402
SUROESTE2,CO,nivel,5,0.6279
SUROESTE2,CO,nivel,6,0.6131
SUROESTE2,CO,nivel,7,0.5958
SUROESTE2,CO,nivel,8,0.5583
SUROESTE2,CO,nivel,9,0.5291
SUROESTE2,CO,nivel,10,0.5271
SUROESTE2,CO,nivel,11,0.538
SUROESTE2,CO,nivel,12,0.5181
SUROESTE2,CO,nivel,13,0.4864
SUROESTE2,CO,nivel,14,0.472
SUROESTE2,CO,nivel,15,0.4958
SUROESTE2,CO,nivel,16,0.476
SUROESTE2,CO,nivel,17,0.4866
SUROESTE2,CO,nivel,18,0.4572
SUROESTE2,CO,nivel,19,0.4516
SUROESTE2,CO,nivel,20,0.4309
SUROESTE2,CO,nivel,21,0.4363
SUROESTE2,CO,gap,1,0.3013
SUROESTE2,CO,gap,2,0.0956
SUROESTE2,CO,gap,3,-0.0013
SUROESTE2,CO,gap,4,0.089
SUROESTE2,CO,gap,5,0.06
SUROESTE2,CO,gap,6,0.1369
SUROESTE2,CO,gap,7,0.0413
SUROESTE2,CO,gap,8,-0.0055
SUROESTE2,CO,gap,9,-0.0313
SUROESTE2,CO,gap,10,-0.0452
SUROESTE2,CO,gap,11,0.0133
SUROESTE2,CO,gap,12,0.0022
SUROESTE2,CO,gap,13,-0.024
SUROESTE2,CO,gap,14,-0.013
SUROESTE2,CO,gap,15,0.003
SUROESTE2,CO,gap,16,0.0105
SUROESTE2,CO,gap,17,0.0267
SUROESTE2,CO,gap,18,-0.0138
SUROESTE2,CO,gap,19,-0.0652
SUROESTE2,CO,gap,20,-0.0472
SUROESTE2,CO,gap,21,0.0046
SUROESTE2,NO2,nivel,1,0.4069
SUROESTE2,NO2,nivel,2,0.2234
SUROESTE2,NO2,nivel,3,0.131
SUROESTE2,NO2,nivel,4,0.0636
SUROESTE2,NO2,nivel,5,0.0862
SUROESTE2,NO2,nivel,6,0.0973
SUROESTE2,NO2,nivel,7,0.0454
SUROESTE2,NO2,nivel,8,0.0347
SUROESTE2,NO2,nivel,9,0.0735
SUROESTE2,NO2,nivel,10,0.0952
SUROESTE2,NO2,nivel,11,0.0827
SUROESTE2,NO2,nivel,12,0.015
SUROESTE2,NO2,nivel,13,-0.0298
SUROESTE2,NO2,nivel,14,-0.0111
SUROESTE2,NO2,nivel,15,0.02
SUROESTE2,NO2,nivel,16,-0.0027
SUROESTE2,NO2,nivel,17,-0.0287
SUROESTE2,NO2,nivel,18,-0.0107
SUROESTE2,NO2,nivel,19,-0.0265
SUROESTE2,NO2,nivel,20,0.0118
SUROESTE2,NO2,nivel,21,0.0228
SUROESTE2,NO2,gap,1,0.1816
SUROESTE2,NO2,gap,2,0.0991
SUROESTE2,NO2,gap,3,0.0536
SUROESTE2,NO2,gap,4,0.0639
SUROESTE2,NO2,gap,5,0.0416
SUROESTE2,NO2,gap,6,0.075
SUROESTE2,NO2,gap,7,0.0083
SUROESTE2,NO2,gap,8,0.0273
SUROESTE2,NO2,gap,9,0.026
SUROESTE2,NO2,gap,10,-0.0233
SUROESTE2,NO2,gap,11,0.0014
SUROESTE2,NO2,gap,12,-0.0217
SUROESTE2,NO2,gap,13,-0.0162
SUROESTE2,NO2,gap,14,-0.0043
SUROESTE2,NO2,gap,15,-0.0172
SUROESTE2,NO2,gap,16,-0.0142
SUROESTE2,NO2,gap,17,0.0063
SUROESTE2,NO2,gap,18,0.0122
SUROESTE2,NO2,gap,19,-0.0106
SUROESTE2,NO2,gap,20,-0.0054
SUROESTE2,NO2,gap,21,-0.0212
SUROESTE2,O3,nivel,1,0.4436
SUROESTE2,O3,nivel,2,0.2579
SUROESTE2,O3,nivel,3,0.2442
SUROESTE2,O3,nivel,4,0.2633
SUROESTE2,O3,nivel,5,0.2491
SUROESTE2,O3,nivel,6,0.2475
SUROESTE2,O3,nivel,7,0.2611
SUROESTE2,O3,nivel,8,0.2788
SUROESTE2,O3,nivel,9,0.2209
SUROESTE2,O3,nivel,10,0.2038
SUROESTE2,O3,nivel,11,0.2222
SUROESTE2,O3,nivel,12,0.1899
SUROESTE2,O3,nivel,13,0.1843
SUROESTE2,O3,nivel,14,0.19
SUROESTE2,O3,nivel,15,0.2219
SUROESTE2,O3,nivel,16,0.197
SUROESTE2,O3,nivel,17,0.1985
SUROESTE2,O3,nivel,18,0.2373
SUROESTE2,O3,nivel,19,0.2411
SUROESTE2,O3,nivel,20,0.2149
SUROESTE2,O3,nivel,21,0.1563
SUROESTE2,O3,gap,1,0.3168
SUROESTE2,O3,gap,2,0.1531
SUROESTE2,O3,gap,3,0.0842
SUROESTE2,O3,gap,4,0.124
SUROESTE2,O3,gap,5,0.1323
SUROESTE2,O3,gap,6,0.1258
SUROESTE2,O3,gap,7,0.0838
SUROESTE2,O3,gap,8,0.0792
SUROESTE2,O3,gap,9,0.0884
SUROESTE2,O3,gap,10,0.0728
SUROESTE2,O3,gap,11,0.1023
SUROESTE2,O3,gap,12,0.0387
SUROESTE2,O3,gap,13,0.0587
SUROESTE2,O3,gap,14,0.0843
SUROESTE2,O3,gap,15,0.1077
SUROESTE2,O3,gap,16,0.0511
SUROESTE2,O3,gap,17,0.0556
SUROESTE2,O3,gap,18,0.0699
SUROESTE2,O3,gap,19,0.07
SUROESTE2,O3,gap,20,0.1292
SUROESTE2,O3,gap,21,0.07
SUROESTE2,PM10,nivel,1,0.4303
SUROESTE2,PM10,nivel,2,0.2049
SUROESTE2,PM10,nivel,3,0.173
SUROESTE2,PM10,nivel,4,0.1475
SUROESTE2,PM10,nivel,5,0.1196
SUROESTE2,PM10,nivel,6,0.1111
SUROESTE2,PM10,nivel,7,0.1141
SUROESTE2,PM10,nivel,8,0.0922
SUROESTE2,PM10,nivel,9,0.0645
SUROESTE2,PM10,nivel,10,0.076
SUROESTE2,PM10,nivel,11,0.0955
SUROESTE2,PM10,nivel,12,0.1063
SUROESTE2,PM10,nivel,13,0.0442
SUROESTE2,PM10,nivel,14,0.0316
SUROESTE2,PM10,nivel,15,0.0925
SUROESTE2,PM10,nivel,16,0.0634
SUROESTE2,PM10,nivel,17,0.0349
SUROESTE2,PM10,nivel,18,0.0592
SUROESTE2,PM10,nivel,19,0.0912
SUROESTE2,PM10,nivel,20,0.054
SUROESTE2,PM10,nivel,21,0.0635
SUROESTE2,PM10,gap,1,0.0312
SUROESTE2,PM10,gap,2,0.0722
SUROESTE2,PM10,gap,3,0.0745
SUROESTE2,PM10,gap,4,0.0991
SUROESTE2,PM10,gap,5,0.0278
SUROESTE2,PM10,gap,6,0.0422
SUROESTE2,PM10,gap,7,0.0753
SUROESTE2,PM10,gap,8,0.0421
SUROESTE2,PM10,gap,9,0.0776
SUROESTE2,PM10,gap,10,0.0295
SUROESTE2,PM10,gap,11,0.0541
SUROESTE2,PM10,gap,12,0.0412
SUROESTE2,PM10,gap,13,0.0765
SUROESTE2,PM10,gap,14,0.0858
SUROESTE2,PM10,gap,15,0.1167
SUROESTE2,PM10,gap,16,0.0543
SUROESTE2,PM10,gap,17,0.1356
SUROESTE2,PM10,gap,18,0.0848
SUROESTE2,PM10,gap,19,0.0881
SUROESTE2,PM10,gap,20,0.0599
SUROESTE2,PM10,gap,21,0.0313
SUROESTE2,PM2.5,nivel,1,0.3047
SUROESTE2,PM2.5,nivel,2,0.1431
SUROESTE2,PM2.5,nivel,3,0.1212
SUROESTE2,PM2.5,nivel,4,0.0273
SUROESTE2,PM2.5,nivel,5,0.0443
SUROESTE2,PM2.5,nivel,6,0.0577
SUROESTE2,PM2.5,nivel,7,0.0476
SUROESTE2,PM2.5,nivel,8,0.0463
SUROESTE2,PM2.5,nivel,9,0.0437
SUROESTE2,PM2.5,nivel,10,0.0389
SUROESTE2,PM2.5,nivel,11,0.0345
SUROESTE2,PM2.5,nivel,12,0.0623
SUROESTE2,PM2.5,nivel,13,-0.0071
SUROESTE2,PM2.5,nivel,14,-0.045
SUROESTE2,PM2.5,nivel,15,0.0246
SUROESTE2,PM2.5,nivel,16,0.005
SUROESTE2,PM2.5,nivel,17,-0.0138
SUROESTE2,PM2.5,nivel,18,-0.0216
SUROESTE2,PM2.5,nivel,19,-0.0288
SUROESTE2,PM2.5,nivel,20,-0.0041
SUROESTE2,PM2.5,nivel,21,-0.0117
SUROESTE2,PM2.5,gap,1,0.072
SUROESTE2,PM2.5,gap,2,0.1197
SUROESTE2,PM2.5,gap,3,0.079
SUROESTE2,PM2.5,gap,4,0.053
SUROESTE2,PM2.5,gap,5,0.0394
SUROESTE2,PM2.5,gap,6,0.0101
SUROESTE2,PM2.5,gap,7,0.0155
SUROESTE2,PM2.5,gap,8,0.0394
SUROESTE2,PM2.5,gap,9,-0.002
SUROESTE2,PM2.5,gap,10,0.0058
SUROESTE2,PM2.5,gap,11,-0.0237
SUROESTE2,PM2.5,gap,12,-0.0413
SUROESTE2,PM2.5,gap,13,-0.0057
SUROESTE2,PM2.5,gap,14,-0.0907
SUROESTE2,PM2.5,gap,15,0.0061
SUROESTE2,PM2.5,gap,16,-0.0359
SUROESTE2,PM2.5,gap,17,0.0161
SUROESTE2,PM2.5,gap,18,-0.0052
SUROESTE2,PM2.5,gap,19,-0.0272
SUROESTE2,PM2.5,gap,20,0.0112
SUROESTE2,PM2.5,gap,21,-0.0178
